{"cameraMode":{"drawMode":0,"name":"Shaded","section":"Shading Mode"},"sceneLighting":true,"audioPlay":false,"sceneViewState":{"showFog":true,"showMaterialUpdate":false,"showSkybox":true,"showFlares":true,"showImageEffects":true,"showParticleSystems":true},"in2DMode":false,"pivot":{"x":40.72638702392578,"y":-15.434879302978516,"z":8.643722534179688},"rotation":{"x":0.031753960996866229,"y":0.05634462088346481,"z":-0.0017919024685397745,"w":0.9979077577590942},"size":151.6695556640625,"orthographic":false}